{
  "_NAR8NFw8cblGJm9t5CjqOw": {
    "SuccessfullyLoadedText": "Şůćčėşşƒűłłƴ ľơāďěď đĕƀűģ mãńĭƒȇŝţŝ.",
    "ErrorLoadingText": "Ƒäĭľęđ ţŏ łŏȃď đĕƄűģ măńĩƒȇŝťş: {0}"
  },
  "_vd/LT/qfiQhbHFfeM1GtlA": {
    "FetchFailedError": "Ƒėťĉħıņğ ŵȇƀƥäţŝ ƒåĭľȇđ ŵįţħ ȅřŗōŕ \"{0}\". Řěŋďȅř őƒ ą ćăċĥęď ŵŏŕƙƂēŉčĥ mȁŷ ƒãįł.",
    "CanvasInitializationError": "Įņıťĩȁľĭƶĭŉģ čåńvȁš ƒȁįĺėď ŵĭŧĥ ēŕŕōř \"{0}\".",
    "UnknownError": "Âŋ űņƙŋŏŵƞ ėŗŗőŕ ŏčĉŭŗŗęđ \"{0}\"."
  },
  "_1JArBGDet5Uj9pJOV/9sFw": {
    "UrlTextBoxPlaceholder": "Ēńťȇŕ å ŰŘĹ ťŏ vīěŵ ĩŋ Mŏƅĭľȅ Ƥřȇvįĕŵ Ţŏŏĺ.",
    "ScreenReaderMobilePreviewEntered": "Ȳōŭ ħåvě ȅňťěŕȇđ ťĥĕ Mơƃįľě Ƥŗĕvĭȅŵ Ťơŏł. Ĩƒ ƴōũ ŵàňť ťő ƥřėvīėŵ ä ďīƒƒȇŕȅŋť ƥăģė, ėņţėŗ ťħę ŰƦĻ ĭņ ŲŔĽ ťęxť ƒıȇļđ. Ŧő ċŀŏşę ŧĥĕ ţŏŏł åńđ ģő Ƅǻĉƙ ťŏ ŴŏřƙƂěƞċħ, ƿřĕşś Ęŝćàƥė.",
    "ScreenReaderDevicePickerEntered": "Ūšĕ ľȅƒţ ąňđ řıĝĥť ǻřřōŵ ķėŷš ŧơ čħŏŏŝę á đēvīċē ŧơ ĉħãňĝȅ ťĥĕ ƿřěvĭėŵ ŝĉŕȇěň şĩźę.",
    "ScreenReaderDevicePickerSelectionChanged": "Ƥřēŝş Ȅƞŧȇř ŧō ĉĥőőŝē ţĥĭš ďęvıćĕ.",
    "Width": "Ŵĩďŧĥ",
    "Height": "Ĥĕįğĥţ"
  },
  "_FQya7ZjwIyrOEutOa+omIA": {
    "Title": "Ŵåřƞĩņġ",
    "SubText": "Ȳŏųŗ ŵěƂ ƿȁŗť ŵĭļł ňơť ãƿƿēąŗ ĩň ţĥȅ ŧŏőŀƀŏx. Ƥŀȇāşě máķĕ šŭŕȅ \"ġūŀƿ šėřvė\" ıś ŗũńňĭňġ ĩŋ å ŵęƅ ƿăřŧ ƥřőĴęĉŧ. Ƥĺěåŝě řȇƒřěŝħ ţĥē ƿāġę ŏņċė \"ğūľƥ śěŕvę\" ıŝ ŕũƞņĭƞğ.",
    "OkButtonText": "ŐƘ",
    "ClickHerePrefix": "Čĺıčķ ",
    "ClickHereLink": "ĥȇřė",
    "ClickHereSuffix": " ƒơŕ mŏřę įņƒơŗmāţīŏƞ."
  },
  "_nCtJlVOXBHa59LgYtajnjA": {
    "Save": "Şȃvē",
    "SaveAltText": "Ůšę ŧō śàvē ŧħę čųřŕȅńŧ ŵőŕƙƄěňċħ ŝťâŧę.",
    "Discard": "Ɖįŝċąŕď",
    "DiscardAltText": "Ųŝȇ ťŏ đīśĉàŕď ťĥĕ čųŗŗēƞŧ ŵŏřķɓēńĉħ śťâŧē.",
    "Mobile": "Mőƀĭľě",
    "MobleAltText": "Ũŝȅ ŧŏ ơƥĕƞ ţħȇ mŏƀįłē ƿřěvĩěŵ ţŏőł ƒơř á ćęļł ƥĥőńȇ.",
    "Tablet": "Ťȁɓļėť",
    "TabletAltText": "Ūśē ťō ơƥēƞ ţĥě mőƂĭĺě ƥřēvīȇŵ ŧơŏļ ƒŏŗ ǻ ŧäƄŀęŧ.",
    "Preview": "Ƥŗĕvĩĕŵ",
    "PreviewAltText": "Ŭśȅ ťơ şŵĭťćĥ ƒŗőm ȅďįť mơđė ţŏ ƿŕěvĩȇŵ mơďė.",
    "Edit": "Ĕďĭŧ",
    "EditAltText": "Ūšě ŧő şŵīťčĥ ţő ēđĭţ mŏďȅ.",
    "WebPartData": "ŴėƄ ƿȁŕť đąťä",
    "WebPartDataAltText": "Đįšƥŀåȳ ŧħȅ šėŕĭåĺīźęď ŵęɓ ƿáŗţ đăŧã."
  },
  "_IusqdbcSoVYQiit3+QRSxw": {
    "Office365Title": "Ơƒƒıćę 365",
    "SharePointWorkbenchTitle": "ŜĥąŕėƤőįňŧ ŴŏřƙƄēņćħ",
    "ScreenReaderDisplayModeSwitchToEditMode": "Šŵĭŧċĥĕđ ƒŗőm ƥŗėvįȅŵ mơđę ţơ ęďĩť mőďė.",
    "ScreenReaderDisplayModeSwitchToReadMode": "Şŵįŧċħěď ƒŕōm ěđīť mơďę ţő ƿŕēvīȇŵ mőđē."
  },
  "_8EVKOH1av6NjR/ZNfdafrw": {
    "WebPartData": "ŴĕƂ Ƥářť Ɖåţȁ",
    "ClassicPages": "Ĉľăśšįĉ Ƥăĝėŝ",
    "ModernPages": "Mŏđēřň Ƥǻğėś",
    "Close": "Ċĺőŝę",
    "WebPartDataHelpInfoLink": "Ŀęåŕƞ ăƅőũŧ ƥřŏvīşįōŉīńģ ŜĥâřėƤơĭńť ȁşŝěŧš ƒřŏm ɏōűŗ ŞĥáŗėƤơįŋţ čĺĭęńť-ŝįďę ŵȅƅ ƥȃřŧ"
  }
}