{
  "manifestVersion": 2,
  "id": "e40f8203-b39d-425a-a957-714852e33b79",
  "alias": "SPDynamicData",
  "componentType": "Library",
  "version": "1.10.0",
  "loaderConfig": {
    "entryModuleId": "sp-dynamic-data",
    "internalModuleBaseUrls": [
      "https://localhost:4321/"
    ],
    "scriptResources": {
      "sp-dynamic-data": {
        "type": "localizedPath",
        "defaultPath": "dist/sp-dynamic-data_en-us.js"
      },
      "@microsoft/sp-lodash-subset": {
        "type": "component",
        "version": "1.10.0",
        "id": "73e1dc6c-8441-42cc-ad47-4bd3659f8a3a"
      },
      "@microsoft/sp-core-library": {
        "type": "component",
        "version": "1.10.0",
        "id": "7263c7d0-1d6a-45ec-8d85-d4d1d234171b"
      },
      "@microsoft/sp-diagnostics": {
        "type": "component",
        "version": "1.10.0",
        "id": "78359e4b-07c2-43c6-8d0b-d060b4d577e8"
      }
    }
  },
  "isInternal": true
}